geography,total_customers,churned_customers,churn_rate
France,5014,810,16.15476665337056
Germany,2509,814,32.44320446392985
Spain,2477,413,16.673395236172787
