gender,total_customers,churned_customers,churn_rate
Female,4543,1139,25.071538630860662
Male,5457,898,16.455928165658786
