age_group,total_customers,churned_customers,churn_rate
Under 30,1641,124,7.556368068251067
30-39,4346,473,10.883571099861943
40-49,2618,806,30.786860198624904
50-59,869,487,56.04142692750288
60+,526,147,27.9467680608365
