credit_score_group,total_customers,churned_customers,churn_rate
Poor,2362,520,22.01524132091448
Fair,3331,685,20.564395076553588
Good,2428,452,18.616144975288304
Very Good,1224,252,20.588235294117645
Excellent,655,128,19.541984732824428
