product_group,total_customers,churned_customers,churn_rate
1 Product,5084,1409,27.714398111723053
2 Products,4590,348,7.5816993464052285
3 Products,266,220,82.70676691729322
4 Products,60,60,100.0
